<?xml version="1.0"?>
<data grt_format="2.0">
  <value _ptr_="0x562435813530" type="list" content-type="object" content-struct-name="db.mgmt.Connection">
    <value type="object" struct-name="db.mgmt.Connection" id="e4a96629-1f40-11ee-81ea-4c3488f5a7b2" struct-checksum="0x96ba47d8">
      <link type="object" struct-name="db.mgmt.Driver" key="driver">com.mysql.rdbms.mysql.driver.native</link>
      <value type="string" key="hostIdentifier">Mysql@localhost:3306</value>
      <value type="int" key="isDefault">1</value>
      <value _ptr_="0x562435dc7870" type="dict" key="modules"/>
      <value _ptr_="0x562435dc78f0" type="dict" key="parameterValues">
        <value type="int" key="CLIENT_COMPRESS">0</value>
        <value type="string" key="DbSqlEditor:LastDefaultSchema"></value>
        <value type="string" key="SQL_MODE"></value>
        <value type="string" key="hostName">localhost</value>
        <value type="int" key="lastConnected">1689336812</value>
        <value type="string" key="password"></value>
        <value type="int" key="port">3306</value>
        <value type="string" key="schema"></value>
        <value type="string" key="serverVersion">8.0.33-0ubuntu0.23.04.2</value>
        <value type="string" key="socket"></value>
        <value type="int" key="sshCompressionLevel">0</value>
        <value type="string" key="sslCA"></value>
        <value type="string" key="sslCert"></value>
        <value type="string" key="sslCipher"></value>
        <value type="string" key="sslKey"></value>
        <value type="int" key="useAnsiQuotes">0</value>
        <value type="int" key="useSSL">1</value>
        <value type="string" key="userName">root</value>
      </value>
      <value type="string" key="name">Local instance 3306</value>
      <link type="object" struct-name="GrtObject" key="owner">d51528de-223f-11ee-81ea-4c3488f5a7b2</link>
    </value>
  </value>
</data>
