<?xml version="1.0"?>
<data grt_format="2.0">
  <value _ptr_="0x562435b04fa0" type="list" content-type="object" content-struct-name="db.mgmt.ServerInstance">
    <value type="object" struct-name="db.mgmt.ServerInstance" id="e4a96628-1f40-11ee-81ea-4c3488f5a7b2" struct-checksum="0x367436e2">
      <link type="object" struct-name="db.mgmt.Connection" key="connection">e4a96629-1f40-11ee-81ea-4c3488f5a7b2</link>
      <value _ptr_="0x562436064eb0" type="dict" key="loginInfo"/>
      <value _ptr_="0x562436083dd0" type="dict" key="serverInfo">
        <value type="string" key="serverVersion">5.7</value>
        <value type="int" key="setupPending">0</value>
        <value type="string" key="sys.config.path">/etc/mysql/my.cnf</value>
        <value type="string" key="sys.config.section">mysqld</value>
        <value type="string" key="sys.mysqld.start">start mysql</value>
        <value type="string" key="sys.mysqld.stop">stop mysql</value>
        <value type="string" key="sys.mysqld.sudo_override"></value>
        <value type="string" key="sys.preset">Ubuntu Linux (MySQL Package)</value>
        <value type="string" key="sys.sudo"></value>
        <value type="string" key="sys.system">Linux</value>
        <value type="int" key="sys.usesudo">1</value>
      </value>
      <value type="string" key="name">Local 3306</value>
    </value>
  </value>
</data>
